[
 {
  "path": "/packages/iot/pahomqtt", 
  "ver": "v1.1.0", 
  "name": "PAHOMQTT"
 }, 
 {
  "path": "/packages/iot/webclient", 
  "ver": "v2.1.2", 
  "name": "WEBCLIENT"
 }, 
 {
  "path": "/packages/iot/cJSON", 
  "ver": "v1.7.14", 
  "name": "CJSON"
 }, 
 {
  "path": "/packages/iot/freemodbus", 
  "ver": "latest", 
  "name": "FREEMODBUS"
 }, 
 {
  "path": "/packages/iot/at_device", 
  "ver": "v2.0.3", 
  "name": "AT_DEVICE"
 }, 
 {
  "path": "/packages/iot/iot_cloud/onenet", 
  "ver": "latest", 
  "name": "ONENET"
 }, 
 {
  "path": "/packages/peripherals/sensors/ds18b20", 
  "ver": "latest", 
  "name": "DS18B20"
 }
]